borrower_id,borrower_name,email,phone
1,Sharath Babu,sharath.babu@example.com,+919895822412
2,Ananya Rao,ananya.rao@example.com,+919824942603
3,Rahul Mehta,rahul.mehta@example.com,+919813356886
4,Karthik Iyer,karthik.iyer@example.com,+919846913810
5,Priya Sharma,priya.sharma@example.com,+919842868828
6,Vikram Singh,vikram.singh@example.com,+919839958838
7,Neha Patel,,+919828728463
8,Arjun Reddy,arjun.reddy@example.com,+919823756669
9,Sanya Gupta,sanya.gupta@example.com,+919883197857
10,Rohan Desai,rohan.desai@example.com,+919821668732
11,Meera Pillai,meera.pillai@example.com,+919889254563
12,Aditya Nair,aditya.nair@example.com,
13,Kavya Krishnan,kavya.krishnan@example.com,+919866629388
14,Ravi Kumar,ravi.kumar@example.com,+919814265799
15,Divya Menon,divya.menon@example.com,+919813999315
16,Aakash Verma,aakash.verma@example.com,+919822575562
17,Lakshmi Iyengar,lakshmi.iyengar@example.com,+919839345092
18,Sandeep Joshi,sandeep.joshi@example.com,+919841227216
19,Pooja Bhatt,pooja.bhatt@example.com,+919877827638
20,Nikhil Shah,nikhil.shah@example.com,+919890801586
21,Anjali Saxena,anjali.saxena@example.com,+919813561597
22,Manish Gupta,manish.gupta@example.com,+919885329037
23,Sneha Reddy,sneha.reddy@example.com,+919836687537
24,Tarun Bansal,tarun.bansal@example.com,+919897226012
25,Ishita Kapoor,ishita.kapoor@example.com,+919883140807
1,Sharath Babu,sharath.babu@example.com,+919811223344
